﻿<?xml version="1.0" encoding="utf-8" ?>
<Defs>
  <ResearchTabDef>
	<defName>ZeroTech</defName>
	<label>Zero Tech</label>
  </ResearchTabDef>
  <!-- 一切的开始 -->
  
  <ResearchProjectDef>
    <defName>ZeroTechClear</defName>
    <label>遗忘一切</label>
    <description>从意识层面删除一切和零子有关的记忆，彻底的遗忘任何零子相关的研究。</description>
    <tab>ZeroTech</tab>
    <baseCost>1</baseCost>
    <techLevel>Neolithic</techLevel>
    <!-- <techLevel>Spacer</techLevel> -->
    <researchViewX>0</researchViewX>
    <researchViewY>0</researchViewY>
    <!-- <prerequisites>
      <li>ZeroTechBase</li>
    </prerequisites> -->
	<researchMods>
	  <li Class = "LingGame.ReResearchNothig">
	  </li>
	</researchMods>
    <discoveredLetterTitle>记忆删除</discoveredLetterTitle>
    <discoveredLetterText>你遗忘了一切和零子所相关的科技。</discoveredLetterText>
    <discoveredLetterMinDifficulty>1</discoveredLetterMinDifficulty>
  </ResearchProjectDef>
  
  <ResearchProjectDef>
    <defName>ZeroTechBase</defName>
    <label>零子科技逻辑</label>
    <description>零子科技的基础技术,看上去似乎只是几个难度一般的函数问题,但出题方式极其古怪,也许需要换一种思维方式来理解\n\n解锁零子鸡尾酒瓶盖的制作\n解锁零子加工台的制作</description>
    <tab>ZeroTech</tab>
    <baseCost>100</baseCost>
    <techLevel>Neolithic</techLevel>
    <!-- <techLevel>Spacer</techLevel> -->
    <researchViewX>0</researchViewX>
    <researchViewY>3</researchViewY>
    <!-- <prerequisites>
      <li>ZeroTechBase</li>
    </prerequisites> -->
    <discoveredLetterTitle>机关被触发</discoveredLetterTitle>
    <discoveredLetterText>你成功理解了零子的思维模式,从此新的世界在你眼前展开,某些"不存在之物"将降临这个星球,你能够幸存么</discoveredLetterText>
    <discoveredLetterMinDifficulty>1</discoveredLetterMinDifficulty>
  </ResearchProjectDef>
  <ResearchProjectDef>
    <defName>ZeroTechBaseII</defName>
    <label>零子科技逻辑II</label>
    <description>和零子科技逻辑类似的一系列函数,但内容却更加扭曲,似乎涉及到一些神秘学的知识\n\n解锁恶魔交流事件链</description>
    <tab>ZeroTech</tab>
    <baseCost>100</baseCost>
    <techLevel>Spacer</techLevel>
    <researchViewX>1</researchViewX>
    <researchViewY>3</researchViewY>
    <prerequisites>
      <li>ZeroTechBase</li>
    </prerequisites>
    <discoveredLetterTitle>你正被注视</discoveredLetterTitle>
    <discoveredLetterText>一双巨大的眼睛在你的殖民地上空睁开,当你集中精神再次观察的时候却什么都没看到,似乎有什么东西将要降临</discoveredLetterText>
    <discoveredLetterMinDifficulty>1</discoveredLetterMinDifficulty>
  </ResearchProjectDef>
  <ResearchProjectDef>
    <defName>ZeroTechBaseIII</defName>
    <label>零子科技逻辑III</label>
    <description>这项技术乍一看如同字谜一般,不过却无法找到唯一的答案,期间似乎讲述着世间万物平衡形式的理论\n解锁元素平衡事件链</description>
    <tab>ZeroTech</tab>
    <baseCost>100</baseCost>
    <techLevel>Spacer</techLevel>
    <researchViewX>2</researchViewX>
    <researchViewY>3</researchViewY>
    <prerequisites>
      <li>ZeroTechBaseII</li>
    </prerequisites>
    <discoveredLetterTitle>元素悄然涌动</discoveredLetterTitle>
    <discoveredLetterText>你开始感受到身边的什么存在,你无法去影响它们,但能够感到它们的实际存在</discoveredLetterText>
    <discoveredLetterMinDifficulty>1</discoveredLetterMinDifficulty>
  </ResearchProjectDef>
  <!-- 零子材料拓展包 -->
  <ResearchProjectDef>
    <defName>ZeroTechGel</defName>
    <label>基础零子材料</label>
    <description>制作一种材料,那么有什么方法既可以获得想要的东西,又不影响现有的资源呢?那就是...把垃圾变成资源!\n解锁凝胶压制器的制作,可以将其他物质转化为凝胶\n某些东西会注意到你</description>
    <tab>ZeroTech</tab>
    <baseCost>100</baseCost>
    <techLevel>Spacer</techLevel>
    <researchViewX>1</researchViewX>
    <researchViewY>2</researchViewY>
    <requiredResearchBuilding>HiTechResearchBench</requiredResearchBuilding>
    <prerequisites><li>ZeroTechBase</li></prerequisites>
  </ResearchProjectDef>
  <ResearchProjectDef>
    <defName>ZeroTechAlloy</defName>
    <label>高级零子材料</label>
    <description>如果一种材料太弱,那就试着去除无用的部分吧\n可以对凝胶进行加工了\n某些东西会注意你</description>
    <tab>ZeroTech</tab>
    <baseCost>500</baseCost>
    <techLevel>Spacer</techLevel>
    <researchViewX>2</researchViewX>
    <researchViewY>2</researchViewY>
    <requiredResearchBuilding>HiTechResearchBench</requiredResearchBuilding>
    <prerequisites><li>ZeroTechGel</li></prerequisites>
    <techprintCommonality>1</techprintCommonality>
    <techprintCount>1</techprintCount>
    <techprintMarketValue>800</techprintMarketValue>
    <heldByFactionCategoryTags><li>Empire</li></heldByFactionCategoryTags>
  </ResearchProjectDef>
  <!-- 毁灭信号拓展包 -->
  <ResearchProjectDef>
    <defName>ZeroTechFlareGun</defName>
    <label>信号枪</label>
    <description>填装了特殊弹药的信号枪,并非是引人注意,而是让什么特殊的事情发生</description>
    <tab>ZeroTech</tab>
    <baseCost>1000</baseCost>
    <techLevel>Spacer</techLevel>
    <researchViewX>1</researchViewX>
    <researchViewY>1</researchViewY>
    <requiredResearchBuilding>HiTechResearchBench</requiredResearchBuilding>
    <prerequisites><li>ZeroTechBase</li></prerequisites>
  </ResearchProjectDef>
  <ResearchProjectDef>
    <defName>ZeroTechFlareGunEX</defName>
    <label>定向信号枪</label>
    <description>随机的信号枪有时候总容易导致一些不是那么好的结果,那为什么不试试将能量波动往自己希望的方向控制呢</description>
    <tab>ZeroTech</tab>
    <baseCost>1500</baseCost>
    <techLevel>Spacer</techLevel>
    <researchViewX>2</researchViewX>
    <researchViewY>1</researchViewY>
    <requiredResearchBuilding>HiTechResearchBench</requiredResearchBuilding>
    <prerequisites><li>ZeroTechFlareGun</li></prerequisites>
    <techprintCount>1</techprintCount>
    <techprintMarketValue>1000</techprintMarketValue>
    <heldByFactionCategoryTags><li>Empire</li></heldByFactionCategoryTags>
  </ResearchProjectDef>
  <!-- 奇妙食物拓展包 -->
  <ResearchProjectDef>
    <defName>ZeroTechDrugs</defName>
    <label>零子药物</label>
    <description>真正可怕的成瘾品,并非是让使用者在生理上无法离开,而是在使用之后,不会带来任何副作用,但心理上却完全无法放弃</description>
    <tab>ZeroTech</tab>
    <baseCost>1000</baseCost>
    <techLevel>Spacer</techLevel>
    <researchViewX>1</researchViewX>
    <researchViewY>4</researchViewY>
    <requiredResearchBuilding>HiTechResearchBench</requiredResearchBuilding>
    <prerequisites><li>ZeroTechBase</li></prerequisites>
  </ResearchProjectDef>
  <ResearchProjectDef>
    <defName>ZeroTechMeals</defName>
    <label>零子烹饪指导</label>
    <description>这些东西真的算是餐点嘛?我们的科学家似乎有点放飞自我了</description>
    <tab>ZeroTech</tab>
    <baseCost>1500</baseCost>
    <techLevel>Spacer</techLevel>
    <researchViewX>2</researchViewX>
    <researchViewY>4</researchViewY>
    <requiredResearchBuilding>HiTechResearchBench</requiredResearchBuilding>
    <prerequisites><li>ZeroTechDrugs</li></prerequisites>
    <techprintCommonality>1</techprintCommonality>
    <techprintCount>1</techprintCount>
    <techprintMarketValue>2000</techprintMarketValue>
    <heldByFactionCategoryTags><li>Empire</li></heldByFactionCategoryTags>
  </ResearchProjectDef>
  <!-- 创神计划拓展包 -->
  <ResearchProjectDef>
    <defName>ZeroTechBodyPart</defName>
    <label>肢体改造理论</label>
    <description>人类的肉体或许可以无限的强大,但如果想要短时间内获取强大的力量的话,也许可以尝试尝试机械改造</description>
    <tab>ZeroTech</tab>
    <baseCost>1000</baseCost>
    <techLevel>Spacer</techLevel>
    <researchViewX>1</researchViewX>
    <researchViewY>5</researchViewY>
    <requiredResearchBuilding>HiTechResearchBench</requiredResearchBuilding>
    <prerequisites><li>ZeroTechBase</li></prerequisites>
  </ResearchProjectDef>
  <ResearchProjectDef>
    <defName>ZeroTechImpantMaker</defName>
    <label>植入物制作</label>
    <description>人类的存在是有极限的吗?既然如此,我们为什么不试试制作一个神呢</description>
    <tab>ZeroTech</tab>
    <baseCost>1000</baseCost>
    <techLevel>Spacer</techLevel>
    <researchViewX>2</researchViewX>
    <researchViewY>5</researchViewY>
    <requiredResearchBuilding>HiTechResearchBench</requiredResearchBuilding>
    <prerequisites><li>ZeroTechBodyPart</li></prerequisites>
    <techprintCommonality>1</techprintCommonality>
    <techprintCount>2</techprintCount>
    <techprintMarketValue>1000</techprintMarketValue>
    <heldByFactionCategoryTags><li>Empire</li></heldByFactionCategoryTags>
  </ResearchProjectDef>
  <!-- 步入黑暗拓展包 -->
  <ResearchProjectDef>
    <defName>ZeroTechAdv</defName>
    <label>零子异论</label>
    <description>你到底在做什么?这已经超出了科学的范畴了,停止哪些危险的事情!</description>
    <tab>ZeroTech</tab>
    <baseCost>1000</baseCost>
    <techLevel>Spacer</techLevel>
    <researchViewX>3</researchViewX>
    <researchViewY>3</researchViewY>
    <prerequisites><li>ZeroTechBaseIII</li></prerequisites>
    <discoveredLetterTitle>机关被触发</discoveredLetterTitle>
    <discoveredLetterText>你成功理解了零子的思维模式,从此新的世界在你眼前展开,某些"不存在之物"将降临这个星球,你能够幸存么</discoveredLetterText>
    <discoveredLetterMinDifficulty>1</discoveredLetterMinDifficulty>
  </ResearchProjectDef>
  <!-- 无限能源拓展包 -->
  <ResearchProjectDef>
    <defName>ZeroTechLongRandPower</defName>
    <label>远程电力传输</label>
    <description>不想看到丑陋的发电机?不想走路被电缆绊倒?\n既然电也是一种能量,为什么不试试隔空传输电力呢</description>
    <tab>ZeroTech</tab>
    <baseCost>1000</baseCost>
    <techLevel>Spacer</techLevel>
    <researchViewX>4</researchViewX>
    <researchViewY>2.5</researchViewY>
    <requiredResearchBuilding>HiTechResearchBench</requiredResearchBuilding>
    <prerequisites><li>ZeroTechAdv</li></prerequisites>
  </ResearchProjectDef>
  <ResearchProjectDef>
    <defName>ZeroTechThinkingPower</defName>
    <label>思维发电</label>
    <description>生物的思维,究竟是什么呢?不过不理解它的存在不代表我们无法利用,利用一种波吸收器吸收生物的思维,以此获得电力</description>
    <tab>ZeroTech</tab>
    <baseCost>1500</baseCost>
    <techLevel>Spacer</techLevel>
    <researchViewX>5</researchViewX>
    <researchViewY>2.5</researchViewY>
    <requiredResearchBuilding>HiTechResearchBench</requiredResearchBuilding>
    <prerequisites><li>ZeroTechLongRandPower</li></prerequisites>
    <techprintCommonality>1</techprintCommonality>
    <techprintCount>1</techprintCount>
    <techprintMarketValue>2000</techprintMarketValue>
    <heldByFactionCategoryTags><li>Empire</li></heldByFactionCategoryTags>
  </ResearchProjectDef>
  <!-- 基地防御拓展包 -->
  <ResearchProjectDef>
    <defName>ZeroTechDenfence</defName>
    <label>防卫屏障与高级陷阱</label>
    <description>如果说敌方可以利用射程优势来打击我们,那为什么不制作一种人能通过而高速物体无法通过的屏障呢?或者我们为什么不试试在敌人还未发现我们的时候就布下天罗地网,直接毁灭敌人\n\n解锁细胞屏障和分解屏障的制作\n解锁毒气陷阱和静电陷阱的制作</description>
    <tab>ZeroTech</tab>
    <baseCost>1000</baseCost>
    <techLevel>Spacer</techLevel>
    <researchViewX>4</researchViewX>
    <researchViewY>3.5</researchViewY>
    <requiredResearchBuilding>HiTechResearchBench</requiredResearchBuilding>
    <prerequisites><li>ZeroTechAdv</li></prerequisites>
  </ResearchProjectDef>
  <ResearchProjectDef>
    <defName>ZeroTechTurret</defName>
    <label>防卫炮塔与攻击炮塔</label>
    <description>自动武器真的那么不堪么,不!那是因为更多情况下人们无法更好的利用能量和思想的联系</description>
    <tab>ZeroTech</tab>
    <baseCost>1500</baseCost>
    <techLevel>Spacer</techLevel>
    <researchViewX>5</researchViewX>
    <researchViewY>3.5</researchViewY>
    <requiredResearchBuilding>HiTechResearchBench</requiredResearchBuilding>
    <prerequisites><li>ZeroTechDenfence</li></prerequisites>
    <techprintCommonality>1</techprintCommonality>
    <techprintCount>1</techprintCount>
    <techprintMarketValue>2000</techprintMarketValue>
    <heldByFactionCategoryTags><li>Empire</li></heldByFactionCategoryTags>
  </ResearchProjectDef>
  <!-- 否认过去拓展包 -->
  <ResearchProjectDef>
    <defName>ZeroTechFalsePast</defName>
    <label>遗弃科技</label>
    <description>这是一系列所不被绝大多数人们认同的研究,但在不为人知的地方，这些科技依然被偷偷地开发了</description>
    <tab>ZeroTech</tab>
    <baseCost>100</baseCost>
    <techLevel>Spacer</techLevel>
    <researchViewX>3</researchViewX>
    <researchViewY>2</researchViewY>
    <requiredResearchBuilding>HiTechResearchBench</requiredResearchBuilding>
    <prerequisites><li>ZeroTechBaseIII</li></prerequisites>
  </ResearchProjectDef>
  <ResearchProjectDef>
    <defName>ZeroTechFalsePastBionic</defName>
    <label>套装仿生</label>
    <description>利用仿生之间的共鸣效果，将一件件的仿生的辐射组合起来，给安装者带来极大的加成</description>
    <tab>ZeroTech</tab>
    <baseCost>1000</baseCost>
    <techLevel>Spacer</techLevel>
    <researchViewX>4</researchViewX>
    <researchViewY>1.5</researchViewY>
    <requiredResearchBuilding>HiTechResearchBench</requiredResearchBuilding>
    <prerequisites><li>ZeroTechFalsePast</li></prerequisites>
  </ResearchProjectDef>
  <!-- 虚造过去拓展包 -->
  <ResearchProjectDef>
    <defName>ZeroTechTruePast</defName>
    <label>零子往事</label>
    <description>零子集团一些被封存的故事，不全是为了进步而进行的研究，更多的则是在试图进行毁灭。</description>
    <tab>ZeroTech</tab>
    <baseCost>100</baseCost>
    <techLevel>Spacer</techLevel>
    <researchViewX>3</researchViewX>
    <researchViewY>4</researchViewY>
    <requiredResearchBuilding>HiTechResearchBench</requiredResearchBuilding>
    <prerequisites><li>ZeroTechBaseIII</li></prerequisites>
  </ResearchProjectDef>
  <ResearchProjectDef>
    <defName>ZeroTechPuppetDie</defName>
    <label>人偶葬歌</label>
    <description>它们没有生命，只是一堆破铜烂铁而已，这是绝大多数人对机械的认知。然而，当它们开始萌生感情，开始被“自我”所驱动，那么，一切都将改变。</description>
    <tab>ZeroTech</tab>
    <baseCost>1000</baseCost>
    <techLevel>Spacer</techLevel>
    <researchViewX>4</researchViewX>
    <researchViewY>4.5</researchViewY>
    <requiredResearchBuilding>HiTechResearchBench</requiredResearchBuilding>
    <prerequisites><li>ZeroTechTruePast</li></prerequisites>
  </ResearchProjectDef>
  <!-- 异端审判拓展包 -->
  <ResearchProjectDef>
    <defName>ZeroTechBaseC</defName>
    <label>正义世界的大门</label>
    <description>这里没有任何东西!</description>
    <tab>ZeroTech</tab>
    <baseCost>10</baseCost>
    <techLevel>Spacer</techLevel>
    <researchViewX>18</researchViewX>
    <researchViewY>3</researchViewY>
    <prerequisites>
      <!-- <li>ZeroTechBase</li> -->
    </prerequisites>
    <discoveredLetterTitle>正义世界的大门被开启了</discoveredLetterTitle>
    <discoveredLetterText>然而并没有什么卵用</discoveredLetterText>
    <discoveredLetterMinDifficulty>1</discoveredLetterMinDifficulty>
    <techprintMarketValue>2000</techprintMarketValue>
  </ResearchProjectDef>
  <ResearchProjectDef>
    <defName>ZeroTechBaseCI</defName>
    <label>见欲之封印</label>
    <description>你将会释放出什么!</description>
    <tab>ZeroTech</tab>
    <baseCost>10000</baseCost>
    <techLevel>Spacer</techLevel>
    <researchViewX>19</researchViewX>
    <researchViewY>1.5</researchViewY>
    <prerequisites>
      <li>ZeroTechBaseC</li>
    </prerequisites>
  </ResearchProjectDef>
  <ResearchProjectDef>
    <defName>ZeroTechBaseCII</defName>
    <label>听欲之封印</label>
    <description>你将会释放出什么!</description>
    <tab>ZeroTech</tab>
    <baseCost>10000</baseCost>
    <techLevel>Spacer</techLevel>
    <researchViewX>19</researchViewX>
    <researchViewY>2</researchViewY>
    <prerequisites>
      <li>ZeroTechBaseC</li>
    </prerequisites>
  </ResearchProjectDef>
  <ResearchProjectDef>
    <defName>ZeroTechBaseCIII</defName>
    <label>香欲之封印</label>
    <description>你将会释放出什么!</description>
    <tab>ZeroTech</tab>
    <baseCost>10000</baseCost>
    <techLevel>Spacer</techLevel>
    <researchViewX>19</researchViewX>
    <researchViewY>2.5</researchViewY>
    <prerequisites>
      <li>ZeroTechBaseC</li>
    </prerequisites>
  </ResearchProjectDef>
  <ResearchProjectDef>
    <defName>ZeroTechBaseCIV</defName>
    <label>味欲之封印</label>
    <description>你将会释放出什么!</description>
    <tab>ZeroTech</tab>
    <baseCost>10000</baseCost>
    <techLevel>Spacer</techLevel>
    <researchViewX>19</researchViewX>
    <researchViewY>3.5</researchViewY>
    <prerequisites>
      <li>ZeroTechBaseC</li>
    </prerequisites>
  </ResearchProjectDef>
  <ResearchProjectDef>
    <defName>ZeroTechBaseCV</defName>
    <label>触欲之封印</label>
    <description>你将会释放出什么!</description>
    <tab>ZeroTech</tab>
    <baseCost>10000</baseCost>
    <techLevel>Spacer</techLevel>
    <researchViewX>19</researchViewX>
    <researchViewY>4</researchViewY>
    <prerequisites>
      <li>ZeroTechBaseC</li>
    </prerequisites>
  </ResearchProjectDef>
  <ResearchProjectDef>
    <defName>ZeroTechBaseCVI</defName>
    <label>意欲之封印</label>
    <description>你将会释放出什么!</description>
    <tab>ZeroTech</tab>
    <baseCost>10000</baseCost>
    <techLevel>Spacer</techLevel>
    <researchViewX>19</researchViewX>
    <researchViewY>4.5</researchViewY>
    <prerequisites>
      <li>ZeroTechBaseC</li>
    </prerequisites>
  </ResearchProjectDef>
  <ResearchProjectDef>
    <defName>ZeroTechBaseCE</defName>
    <label>虚伪之封印</label>
    <description>打破欲望的束缚吧!</description>
    <tab>ZeroTech</tab>
    <baseCost>10000</baseCost>
    <techLevel>Spacer</techLevel>
    <researchViewX>19</researchViewX>
    <researchViewY>3</researchViewY>
    <prerequisites>
      <li>ZeroTechBaseCI</li>
      <li>ZeroTechBaseCII</li>
      <li>ZeroTechBaseCIII</li>
      <li>ZeroTechBaseCIV</li>
      <li>ZeroTechBaseCV</li>
      <li>ZeroTechBaseCVI</li>
    </prerequisites>
  </ResearchProjectDef>
  <ResearchProjectDef>
    <defName>ZeroTechBaseCEI</defName>
    <label>狂喜之封印</label>
    <description>你将会释放出什么!</description>
    <tab>ZeroTech</tab>
    <baseCost>10000</baseCost>
    <techLevel>Spacer</techLevel>
    <researchViewX>20</researchViewX>
    <researchViewY>1.5</researchViewY>
    <prerequisites>
      <li>ZeroTechBaseCE</li>
    </prerequisites>
  </ResearchProjectDef>
  <ResearchProjectDef>
    <defName>ZeroTechBaseCEII</defName>
    <label>暴怒之封印</label>
    <description>你将会释放出什么!</description>
    <tab>ZeroTech</tab>
    <baseCost>10000</baseCost>
    <techLevel>Spacer</techLevel>
    <researchViewX>20</researchViewX>
    <researchViewY>2</researchViewY>
    <prerequisites>
      <li>ZeroTechBaseCE</li>
    </prerequisites>
  </ResearchProjectDef>
  <ResearchProjectDef>
    <defName>ZeroTechBaseCEIII</defName>
    <label>悲痛之封印</label>
    <description>你将会释放出什么!</description>
    <tab>ZeroTech</tab>
    <baseCost>10000</baseCost>
    <techLevel>Spacer</techLevel>
    <researchViewX>20</researchViewX>
    <researchViewY>2.5</researchViewY>
    <prerequisites>
      <li>ZeroTechBaseCE</li>
    </prerequisites>
  </ResearchProjectDef>
  <ResearchProjectDef>
    <defName>ZeroTechBaseCEIV</defName>
    <label>恐惧之封印</label>
    <description>你将会释放出什么!</description>
    <tab>ZeroTech</tab>
    <baseCost>10000</baseCost>
    <techLevel>Spacer</techLevel>
    <researchViewX>20</researchViewX>
    <researchViewY>3</researchViewY>
    <prerequisites>
      <li>ZeroTechBaseCE</li>
    </prerequisites>
  </ResearchProjectDef>
  <ResearchProjectDef>
    <defName>ZeroTechBaseCEV</defName>
    <label>情爱之封印</label>
    <description>你将会释放出什么!</description>
    <tab>ZeroTech</tab>
    <baseCost>10000</baseCost>
    <techLevel>Spacer</techLevel>
    <researchViewX>20</researchViewX>
    <researchViewY>3.5</researchViewY>
    <prerequisites>
      <li>ZeroTechBaseCE</li>
    </prerequisites>
  </ResearchProjectDef>
  <ResearchProjectDef>
    <defName>ZeroTechBaseCEVI</defName>
    <label>厌恶之封印</label>
    <description>你将会释放出什么!</description>
    <tab>ZeroTech</tab>
    <baseCost>10000</baseCost>
    <techLevel>Spacer</techLevel>
    <researchViewX>20</researchViewX>
    <researchViewY>4</researchViewY>
    <prerequisites>
      <li>ZeroTechBaseCE</li>
    </prerequisites>
  </ResearchProjectDef>
  <ResearchProjectDef>
    <defName>ZeroTechBaseCEVII</defName>
    <label>贪欲之封印</label>
    <description>你将会释放出什么!</description>
    <tab>ZeroTech</tab>
    <baseCost>10000</baseCost>
    <techLevel>Spacer</techLevel>
    <researchViewX>20</researchViewX>
    <researchViewY>4.5</researchViewY>
    <prerequisites>
      <li>ZeroTechBaseCE</li>
    </prerequisites>
  </ResearchProjectDef>
  <ResearchProjectDef>
    <defName>ZeroTechBaseCEE</defName>
    <label>真实之封印</label>
    <description>你将会放出什么!</description>
	<researchMods>
	  <li Class = "LingGame.ReResearchAndAddBuff">
		<def>ZeroTechBaseCEE</def>
	  </li>
	</researchMods>
    <tab>ZeroTech</tab>
    <baseCost>10000</baseCost>
    <techLevel>Spacer</techLevel>
    <researchViewX>21</researchViewX>
    <researchViewY>3</researchViewY>
    <prerequisites>
      <li>ZeroTechBaseCEI</li>
      <li>ZeroTechBaseCEII</li>
      <li>ZeroTechBaseCEIII</li>
      <li>ZeroTechBaseCEIV</li>
      <li>ZeroTechBaseCEV</li>
      <li>ZeroTechBaseCEVI</li>
      <li>ZeroTechBaseCEVII</li>
    </prerequisites>
  </ResearchProjectDef>

</Defs>
