﻿<?xml version="1.0" encoding="utf-8" ?>
<Defs>

  <!--=============== Pure stuffs: Basics ====================-->


  <ThingDef ParentName="ResourceBase">
    <defName>ZeroTechGel</defName>
    <label>zero tech gel</label>
    <description>gel,very small.</description>
    <graphicData>
      <texPath>Things/Item/Resource/Silver</texPath>
      <graphicClass>Graphic_StackCount</graphicClass>
      <color>(119,189,199)</color>
    </graphicData>
    <resourceReadoutPriority>First</resourceReadoutPriority>
    <soundInteract>Silver_Drop</soundInteract>
    <soundDrop>Silver_Drop</soundDrop>
    <useHitPoints>false</useHitPoints>
    <tradeability>Sellable</tradeability>
    <resourceReadoutAlwaysShow>true</resourceReadoutAlwaysShow>
    <statBases>
      <MarketValue>0.1</MarketValue>
      <Mass>0.001</Mass>
      <Nutrition>0.01</Nutrition>
      <StuffPower_Armor_Sharp>0.2</StuffPower_Armor_Sharp>
      <StuffPower_Armor_Blunt>0.2</StuffPower_Armor_Blunt>
      <StuffPower_Armor_Heat>0.2</StuffPower_Armor_Heat>
      <StuffPower_Insulation_Cold>2</StuffPower_Insulation_Cold>
      <StuffPower_Insulation_Heat>2</StuffPower_Insulation_Heat>
      <SharpDamageMultiplier>0.1</SharpDamageMultiplier>
      <BluntDamageMultiplier>0.1</BluntDamageMultiplier>
    </statBases>
    <ingestible>
      <foodType>Kibble</foodType>
      <preferability>DesperateOnlyForHumanlikes</preferability>
      <maxNumToIngestAtOnce>90</maxNumToIngestAtOnce>
      <optimalityOffsetHumanlikes>-10</optimalityOffsetHumanlikes>
      <optimalityOffsetFeedingAnimals>-10</optimalityOffsetFeedingAnimals>
    </ingestible>
    <thingCategories>
      <li>ResourcesRaw</li>
    </thingCategories>
    <stackLimit>500</stackLimit>
    <smeltable>true</smeltable>
    <smallVolume>true</smallVolume>
    <stuffProps>
      <categories>
        <li>Woody</li>
        <li>Stony</li>
      </categories>
      <color>(119,189,199)</color>
      <commonality>0.01</commonality>
      <constructEffect>ConstructWood</constructEffect>
      <soundImpactStuff>BulletImpact_Wood</soundImpactStuff>
      <soundMeleeHitSharp>MeleeHit_Wood</soundMeleeHitSharp>
      <soundMeleeHitBlunt>MeleeHit_Wood</soundMeleeHitBlunt>
      <statOffsets>
        <Beauty>1</Beauty>
      </statOffsets>
      <statFactors>
        <DoorOpenSpeed>1.8</DoorOpenSpeed>
        <MaxHitPoints>0.2</MaxHitPoints>
        <Flammability>1</Flammability>
        <Beauty>1.7</Beauty>
        <WorkToMake>0.1</WorkToMake>
		<WorkToBuild>0.1</WorkToBuild>
		<MeleeWeapon_CooldownMultiplier>0.5</MeleeWeapon_CooldownMultiplier>
      </statFactors>
    </stuffProps>
    <terrainAffordanceNeeded>Light</terrainAffordanceNeeded>
  </ThingDef>

  <ThingDef ParentName="ResourceBase">
    <defName>ZeroTechWeave</defName>
    <label>Zero Tech Weave</label>
    <description>about?</description>
    <graphicData>
      <texPath>Things/Item/Resource/Synthread</texPath>
      <graphicClass>Graphic_StackCount</graphicClass>
    </graphicData>
    <soundInteract>Metal_Drop</soundInteract>
    <soundDrop>Metal_Drop</soundDrop>
    <useHitPoints>false</useHitPoints>
    <tradeability>Sellable</tradeability>
    <statBases>
      <MarketValue>5</MarketValue>
      <Flammability>0</Flammability>
      <Mass>0.02</Mass>
      <StuffPower_Armor_Sharp>0</StuffPower_Armor_Sharp>
      <StuffPower_Armor_Blunt>0</StuffPower_Armor_Blunt>
      <StuffPower_Armor_Heat>0</StuffPower_Armor_Heat>
      <StuffPower_Insulation_Cold>40</StuffPower_Insulation_Cold>
      <StuffPower_Insulation_Heat>40</StuffPower_Insulation_Heat>
    </statBases>
    <thingCategories>
      <li>Textiles</li>
    </thingCategories>
    <stuffProps>
      <categories>
        <li>Fabric</li>
      </categories>
      <commonality>0.5</commonality>
      <color>(180,208,211)</color>
    </stuffProps>
  </ThingDef>
  
  <ThingDef ParentName="ResourceBase">
    <defName>ZeroTechAlloy</defName>
    <label>Zero Tech Alloy</label>
    <description>maybe?</description>
    <graphicData>
      <texPath>Things/Item/Resource/Plasteel</texPath>
      <graphicClass>Graphic_StackCount</graphicClass>
    </graphicData>
    <soundInteract>Metal_Drop</soundInteract>
    <soundDrop>Metal_Drop</soundDrop>
    <useHitPoints>false</useHitPoints>
    <tradeability>Sellable</tradeability>
    <statBases>
      <MarketValue>15</MarketValue>
      <Mass>0.85</Mass>
      <StuffPower_Armor_Sharp>1.90</StuffPower_Armor_Sharp>
      <StuffPower_Armor_Blunt>0.85</StuffPower_Armor_Blunt>
      <StuffPower_Armor_Heat>1.55</StuffPower_Armor_Heat>
      <StuffPower_Insulation_Cold>4</StuffPower_Insulation_Cold>
      <StuffPower_Insulation_Heat>4</StuffPower_Insulation_Heat>
      <SharpDamageMultiplier>1.6</SharpDamageMultiplier>
      <BluntDamageMultiplier>0.3</BluntDamageMultiplier>
    </statBases>
    <thingCategories>
      <li>ResourcesRaw</li>
    </thingCategories>
      <smeltable>true</smeltable>
    <stuffProps>
      <categories>
        <li>Metallic</li>
      </categories>
      <commonality>0.01</commonality>
      <constructEffect>ConstructMetal</constructEffect>
      <color>(160,198,201)</color>
      <soundImpactStuff>BulletImpact_Metal</soundImpactStuff>
      <soundMeleeHitSharp>MeleeHit_Metal_Sharp</soundMeleeHitSharp>
      <soundMeleeHitBlunt>MeleeHit_Metal_Blunt</soundMeleeHitBlunt>
      <statFactors>
        <MaxHitPoints>3.0</MaxHitPoints>
        <Beauty>1.6</Beauty>
        <Flammability>0</Flammability>
        <WorkToMake>2.6</WorkToMake>
		<WorkToBuild>2</WorkToBuild>
        <MeleeWeapon_CooldownMultiplier>0.6</MeleeWeapon_CooldownMultiplier>
      </statFactors>
    </stuffProps>
    <terrainAffordanceNeeded>Light</terrainAffordanceNeeded>
  </ThingDef>

  <RecipeDef>
    <defName>MakeZeroTechWeave</defName>
    <label>make zoretech weave</label>
    <description>make zoretech weave.</description>
    <jobString>make zoretech weave.</jobString>
    <workAmount>600</workAmount>
    <workSpeedStat>GeneralLaborSpeed</workSpeedStat>
    <effectWorking>Cook</effectWorking>
    <soundWorking>Recipe_Machining</soundWorking>
    <unfinishedThingDef>UnfinishedComponent</unfinishedThingDef>
    <researchPrerequisite>ZeroTechAlloy</researchPrerequisite>
    <skillRequirements>
      <Crafting>5</Crafting>
    </skillRequirements>
    <workSkill>Crafting</workSkill>
	<recipeUsers>
	  <li>TableZoreTech</li>
	</recipeUsers>
    <ingredients>
      <li>
        <filter>
          <thingDefs>
            <li>ZeroTechGel</li>
          </thingDefs>
        </filter>
        <count>30</count>
      </li>
   </ingredients>
    <fixedIngredientFilter>
      <thingDefs>
        <li>ZeroTechGel</li>
      </thingDefs>
    </fixedIngredientFilter>
    <products>
      <ZeroTechWeave>10</ZeroTechWeave>
    </products>
  </RecipeDef>
  <RecipeDef>
    <defName>MakeZeroTechAlloy</defName>
    <label>make zoretech alloy</label>
    <description>make zoretech alloy.</description>
    <jobString>make zoretech alloy.</jobString>
    <workAmount>1800</workAmount>
    <workSpeedStat>GeneralLaborSpeed</workSpeedStat>
    <effectWorking>Cook</effectWorking>
    <soundWorking>Recipe_Machining</soundWorking>
    <unfinishedThingDef>UnfinishedComponent</unfinishedThingDef>
    <researchPrerequisite>ZeroTechAlloy</researchPrerequisite>
    <skillRequirements>
      <Crafting>5</Crafting>
    </skillRequirements>
    <workSkill>Crafting</workSkill>
	<recipeUsers>
	  <li>TableZoreTech</li>
	</recipeUsers>
    <ingredients>
      <li>
        <filter>
          <thingDefs>
            <li>ZeroTechGel</li>
          </thingDefs>
        </filter>
        <count>15</count>
      </li>
      <li>
        <filter>
          <thingDefs>
            <li>Plasteel</li>
          </thingDefs>
        </filter>
        <count>15</count>
      </li>
   </ingredients>
    <fixedIngredientFilter>
      <thingDefs>
        <li>Plasteel</li>
        <li>ZeroTechGel</li>
      </thingDefs>
    </fixedIngredientFilter>
    <products>
      <ZeroTechAlloy>15</ZeroTechAlloy>
    </products>
  </RecipeDef>
 

</Defs>
