﻿<?xml version="1.0" encoding="utf-8" ?>
<Defs>

  <ThingDef ParentName="MechSerumBase">
    <defName>LingZeroTechBottleCap</defName>
    <label>Zero Bottle Cap</label>
    <description>A fantastic bottle cap, you feel very happy just holding it,You even want to put it on your ***.\nCan be used to upgrade chips,or it becomes [data deletion] and [missing value]</description>
    <graphicData>
      <texPath>Things/Item/LingZeroTechBottleCap</texPath>
      <graphicClass>Graphic_Single</graphicClass>
    </graphicData>
    <thingCategories>
      <li>Artifacts</li>
    </thingCategories>
    <stackLimit>1</stackLimit>
    <tradeNeverStack>false</tradeNeverStack>
    <statBases>
      <MarketValue>900</MarketValue>
    </statBases>
    <drawGUIOverlay>true</drawGUIOverlay>
    <comps>
      <li Class="CompProperties_Usable">
        <useJob>UseItem</useJob>
        <useLabel>Swallow the bottle cap</useLabel>
      </li>
      <li Class="CompProperties_UseEffect">
        <compClass>LingGame.CompProerties_UpGradeLingXCGShip</compClass>
      </li>
      <li Class="LingGame.CompProerties_TurnRund"/>
    </comps>
    <thingSetMakerTags>
      <li>RewardSpecial</li>
    </thingSetMakerTags>
  </ThingDef>

  <RecipeDef>
	<defName>MakeLingZeroTechBottleCap</defName>
	<label>Make Zero Bottle Cap</label>
	<description>Make Zero Bottle Cap.</description>
	<jobString>Making Zero Bottle Cap.</jobString>
    <workSpeedStat>GeneralLaborSpeed</workSpeedStat>
    <effectWorking>Cook</effectWorking>
    <soundWorking>Recipe_Machining</soundWorking>
    <workSkill>Crafting</workSkill>
	<skillRequirements>
	  <Crafting>5</Crafting>
	  <Medicine>3</Medicine>
	  <Intellectual>3</Intellectual>
	  <Artistic>3</Artistic>
	</skillRequirements>
	<workAmount>12000</workAmount>
	<ingredients>
	  <li>
		<filter>
		  <thingDefs>
			<li>AIPersonaCore</li>
		  </thingDefs>
		</filter>
		<count>1</count>
	  </li>
	</ingredients>
	<fixedIngredientFilter>
	  <thingDefs>
		<li>AIPersonaCore</li>
	  </thingDefs>
	</fixedIngredientFilter>
	<products>
	  <LingZeroTechBottleCap>4</LingZeroTechBottleCap>
	</products>
	<recipeUsers>
	  <li>TableZoreTech</li>
	</recipeUsers>
  </RecipeDef>
  <RecipeDef>
	<defName>MakeAIPersonaCoreUseLingZeroTechBottleCap</defName>
	<label>Make AI Persona Core</label>
	<description>Make AI Persona Core.</description>
	<jobString>Making AI Persona Core.</jobString>
    <workSpeedStat>GeneralLaborSpeed</workSpeedStat>
    <effectWorking>Cook</effectWorking>
    <soundWorking>Recipe_Machining</soundWorking>
    <workSkill>Crafting</workSkill>
	<skillRequirements>
	  <Crafting>10</Crafting>
	</skillRequirements>
	<workAmount>6000</workAmount>
	<ingredients>
	  <li>
		<filter>
		  <thingDefs>
			<li>LingZeroTechBottleCap</li>
		  </thingDefs>
		</filter>
		<count>5</count>
	  </li>
	</ingredients>
	<fixedIngredientFilter>
	  <thingDefs>
		<li>LingZeroTechBottleCap</li>
	  </thingDefs>
	</fixedIngredientFilter>
	<products>
	  <AIPersonaCore>1</AIPersonaCore>
	</products>
	<recipeUsers>
	  <li>TableZoreTech</li>
	</recipeUsers>
  </RecipeDef>

  <ThingDef ParentName="MechSerumBase">
    <defName>LingZeroTechPowerCore</defName>
    <label>Zero Power Core</label>
    <description>a gel,but have more power</description>
    <graphicData>
      <texPath>Things/Item/LingZeroTechPowerCore</texPath>
      <graphicClass>Graphic_Single</graphicClass>
    </graphicData>
    <thingCategories>
      <li>Artifacts</li>
    </thingCategories>
    <stackLimit>1</stackLimit>
    <tradeNeverStack>false</tradeNeverStack>
    <statBases>
      <MarketValue>1000</MarketValue>
    </statBases>
    <tradeability>Sellable</tradeability>
    <drawGUIOverlay>true</drawGUIOverlay>
    <comps>
      <li Class="CompProperties_Usable">
        <useJob>UseItem</useJob>
        <useLabel>use it</useLabel>
      </li>
      <li Class="CompProperties_UseEffect">
        <compClass>LingGame.CompProerties_ZeroTechPowerCoreUsed</compClass>
      </li>
      <li Class="CompProperties_UseEffect">
        <compClass>CompUseEffect_DestroySelf</compClass>
      </li>
    </comps>
    <thingSetMakerTags>
      <li>RewardSpecial</li>
    </thingSetMakerTags>
  </ThingDef>
 
</Defs>
