﻿<?xml version="1.0" encoding="utf-8" ?>
<Defs>

  <DesignatorDropdownGroupDef>
    <defName>LingGelFloor</defName>
  </DesignatorDropdownGroupDef>
  
  <TerrainDef Name="LingGelFloor" Abstract="True">
	<color>(119,189,199)</color>
    <driesTo>Ice</driesTo>
    <affordances>
      <li>Light</li>
      <li>Medium</li>
      <li>Heavy</li>
      <li>ShallowWater</li>
      <li>MovingFluid</li>
      <li>Bridgeable</li>
      <li>GrowSoil</li>
      <li>Diggable</li>
      <li>SmoothableStone</li>
    </affordances>
    <designatorDropdown>LingGelFloor</designatorDropdown>
    <layerable>true</layerable>
    <designationCategory>Floors</designationCategory>
	
	
    <edgeType>Hard</edgeType>
	<!-- 不知道是啥,但作为人工地板可以 -->
    <filthAcceptanceMask>
      <li>None</li>
    </filthAcceptanceMask>
    <fertility>0</fertility>
	
    <holdSnow>true</holdSnow>
    <takeSplashes>false</takeSplashes>
    <extinguishesFire>false</extinguishesFire>
	
	<!-- 优先渲染?越小越好 -->
	<renderPrecedence>30</renderPrecedence>
    <tags>
	  <li>Floor</li>
	</tags>
	<statBases>
	  <WorkToBuild>100</WorkToBuild>
      <Cleanliness>0.1</Cleanliness>
	</statBases>
    <constructEffect>ConstructMetal</constructEffect>
    <researchPrerequisites>
      <li>Stonecutting</li>
    </researchPrerequisites>
  </TerrainDef>
  
  <TerrainDef ParentName="LingGelFloor">
	<defName>LingGelFloor_Normal</defName>
	<label>凝胶地板</label>
	<description>凝胶地板的常规形态,干净整洁,有着不错的美观性和合适的成本.</description>
	<texturePath>Terrain/Surfaces/GenericFloorTile</texturePath>
	<statBases>
	  <Beauty>1</Beauty>
      <Cleanliness>0</Cleanliness>
	</statBases>
	<costList>
	  <ZeroTechGel>50</ZeroTechGel>
	</costList>
  </TerrainDef>
  
  <TerrainDef ParentName="LingGelFloor">
	<defName>LingGelFloor_Wood</defName>
	<label>木纹凝胶地板</label>
	<description>雕刻成木头纹路的凝胶地板,更有家庭的气息,很适合铺设在一家人生活的地方.</description>
	<texturePath>Terrain/Surfaces/WoodFloor</texturePath>
	<statBases>
	  <Beauty>1</Beauty>
      <Cleanliness>0.1</Cleanliness>
	</statBases>
	<costList>
	  <ZeroTechGel>75</ZeroTechGel>
	</costList>
  </TerrainDef>
  
  <TerrainDef ParentName="LingGelFloor">
	<defName>LingGelFloor_Rough</defName>
	<label>粗磨凝胶地板</label>
	<description>粗糙堆砌而成凝胶地板,看上去显得有些许杂乱?比较适合室外,落在上面的雪会自动消融,铺设起来较为方便.</description>
	<texturePath>Terrain/Surfaces/Flagstone</texturePath>
	<statBases>
	  <Beauty>1</Beauty>
	  <WorkToBuild>200</WorkToBuild>
      <Cleanliness>0</Cleanliness>
	</statBases>
    <holdSnow>false</holdSnow>
	<costList>
	  <ZeroTechGel>50</ZeroTechGel>
	</costList>
  </TerrainDef>
  
  <TerrainDef ParentName="LingGelFloor">
	<defName>LingGelFloor_Smooth</defName>
	<label>打磨凝胶地板</label>
	<description>精细打磨压制而成的凝胶地板,看起来如同冰块一般.有着非常高的美观性,而且不容易留下垃圾,铺设起来非常麻烦.</description>
	<texturePath>Terrain/Surfaces/SmoothStone</texturePath>
	<statBases>
	  <Beauty>4</Beauty>
	  <WorkToBuild>800</WorkToBuild>
      <Cleanliness>0.3</Cleanliness>
	</statBases>
    <holdSnow>false</holdSnow>
    <takeSplashes>false</takeSplashes>
    <extinguishesFire>false</extinguishesFire>
	<costList>
	  <ZeroTechGel>100</ZeroTechGel>
	</costList>
  </TerrainDef>

  <TerrainDef ParentName="LingGelFloor">
	<defName>LingGelFloor_Brick</defName>
	<label>砖型凝胶地板</label>
	<description>切成小块拼凑而成凝胶地板,看起来似乎能吃的样子?有着很不错的美观性,但铺设起来较为麻烦.</description>
	<texturePath>Terrain/Surfaces/TileStone</texturePath>
	<statBases>
	  <Beauty>3</Beauty>
	  <WorkToBuild>300</WorkToBuild>
      <Cleanliness>0.15</Cleanliness>
	</statBases>
	<costList>
	  <ZeroTechGel>75</ZeroTechGel>
	</costList>
  </TerrainDef>
  
  <TerrainDef ParentName="LingGelFloor">
	<defName>LingGelFloor_Fine</defName>
	<label>精致凝胶地板</label>
	<description>看不出来但就是很精致的精致凝胶地板,似乎执着于贵族游戏的人很喜欢?看起来非常美观,但铺设起来非常麻烦.</description>
	<texturePath>Terrain/Surfaces/TileStoneFine</texturePath>
    <tags>
	  <li>FineFloor</li>
	</tags>
	<statBases>
	  <Beauty>6</Beauty>
	  <WorkToBuild>800</WorkToBuild>
      <Cleanliness>0.3</Cleanliness>
	</statBases>
	<costList>
	  <ZeroTechGel>300</ZeroTechGel>
	</costList>
  </TerrainDef>
  
  <TerrainDef ParentName="LingGelFloor">
	<defName>LingGelFloor_Carpet</defName>
	<label>花纹凝胶地板</label>
	<description>雕刻了非常漂亮花纹的精致凝胶地板,似乎执着于贵族游戏的人很喜欢?看起来非常美观,但铺设起来非常麻烦.</description>
	<texturePath>Terrain/Surfaces/CarpetFine</texturePath>
    <tags>
	  <li>FineFloor</li>
	</tags>
	<statBases>
	  <Beauty>6</Beauty>
	  <WorkToBuild>2400</WorkToBuild>
      <Cleanliness>0</Cleanliness>
	</statBases>
	<costList>
	  <ZeroTechGel>100</ZeroTechGel>
	</costList>
  </TerrainDef>

  <TerrainDef ParentName="LingGelFloor">
	<defName>LingGelFloor_Water</defName>
	<label>水纹凝胶地板</label>
	<description>凝胶地板的水波形态,如同能够随风摇摆一般,拥有对污物极强的抗性.</description>
	<texturePath>Terrain/Surfaces/GenericFloorTile</texturePath>
	<waterDepthShader>Map/WaterDepth</waterDepthShader>
    <edgeType>Water</edgeType>
    <holdSnow>false</holdSnow>
    <takeFootprints>True</takeFootprints>
    <extinguishesFire>true</extinguishesFire>
    <tags>
	  <li>Water</li>
	</tags>
	<statBases>
	  <Beauty>2</Beauty>
	  <WorkToBuild>300</WorkToBuild>
      <Cleanliness>0.1</Cleanliness>
	</statBases>
	<costList>
	  <ZeroTechGel>100</ZeroTechGel>
	</costList>
  </TerrainDef>
  
  <TerrainDef ParentName="LingGelFloor">
	<defName>LingGelFloor_Soil</defName>
	<label>种植凝胶地板</label>
	<description>经过特殊材料处理的过的凝胶地板,看起来似乎很有活力?不是那么好看,也许可以种点东西,铺设这款地板非常费劲,需要来回的捶打.</description>
	<texturePath>Terrain/Surfaces/Ice</texturePath>
    <fertility>2.3</fertility>
    <takeFootprints>True</takeFootprints>
	<statBases>
	  <Beauty>0</Beauty>
	  <WorkToBuild>1200</WorkToBuild>
      <Cleanliness>0</Cleanliness>
	</statBases>
	<costList>
	  <ZeroTechGel>200</ZeroTechGel>
	</costList>
  </TerrainDef>
  
</Defs>
