﻿<?xml version="1.0" encoding="utf-8" ?>
<Defs>
  
  <ThingDef ParentName="FurnitureWithQualityBase">
    <defName>ZeroTechGelMaker</defName>
    <label>Gel Maker</label>
    <description>.</description>
    <thingClass>LingGame.Building_GelMaker</thingClass>
    <graphicData>
      <texPath>Things/Building/Production/ZeroTechGelMaker</texPath>
      <graphicClass>Graphic_Single</graphicClass>
      <drawSize>(2,1.3)</drawSize>
    </graphicData>
    <tickerType>Rare</tickerType>
    <altitudeLayer>Building</altitudeLayer>
    <designationCategory>Production</designationCategory>
    <passability>PassThroughOnly</passability>
    <fillPercent>0.4</fillPercent>
    <castEdgeShadows>true</castEdgeShadows>
    <costList>
      <ComponentIndustrial>10</ComponentIndustrial>
      <Steel>50</Steel>
      <Plasteel>10</Plasteel>
    </costList>
    <statBases>
      <MaxHitPoints>200</MaxHitPoints>
      <Mass>10</Mass>
      <WorkToBuild>600</WorkToBuild>
      <Flammability>0</Flammability>
    </statBases>
    <size>(2,1)</size>
    <defaultPlacingRot>South</defaultPlacingRot>
    <comps>
      <li Class="CompProperties_Power">
        <compClass>CompPowerTrader</compClass>
        <basePowerConsumption>300</basePowerConsumption>
      </li>
      <li Class="CompProperties_Breakdownable"/>
      <li Class="CompProperties_Flickable"/>
    </comps>
    <building>
      <preventDeteriorationOnTop>true</preventDeteriorationOnTop>
      <ignoreStoredThingsBeauty>true</ignoreStoredThingsBeauty>
      <defaultStorageSettings>
        <priority>Normal</priority>
        <filter>
          <categories>
            <li>Chunks</li>
          </categories>
        </filter>
      </defaultStorageSettings>
    </building>
    <inspectorTabs>
      <li>ITab_Storage</li>
    </inspectorTabs>
    <staticSunShadowHeight>0.5</staticSunShadowHeight>
    <surfaceType>Item</surfaceType>
    <canOverlapZones>false</canOverlapZones>
    <researchPrerequisites>
      <li>ZeroTechGel</li>
    </researchPrerequisites>
  </ThingDef>


</Defs>
