﻿<?xml version="1.0" encoding="UTF-8"?>
<ModMetaData>
	<name>ZeroTech-Core</name>
	<author>LingLuo</author>
	<supportedVersions>
		<li>1.1</li>
		<li>1.2</li>
	</supportedVersions>
	<packageId>LingLuo.ZeroTechCore</packageId>
	<description>零子科技-核心拓展包
	当你决定走上这条路的时候,你便已经无法回头了
	内容简介
	零子科技的主要科技树
	零子科技的几种基础材料
	  零子凝胶:一种便宜的通用材料,可以视为木材使用,也可以作为一种食物
	  零子织物:利用零子凝胶制作的一种织物,无法提供任何防护,但温度抗性很强
	  零子合金:利用零子凝胶和玻璃钢合成的一种特化合金,在锋利方面比起玻璃钢更进一步
	零子科技的几种核心材料
	  零子机械核心:利用伪人格核心拆解所得的一种材料,可以作为许多零子建筑的材料,也可以直接转化为治愈机械液
	  零子能源核心:凝胶制作器的副产物,可以作为一些武器的能量来源,或者用于提升技能等级或作为材料
	四种航空炸弹:从天而降的炸弹,但玩家无法直接使用,它们会如何出现呢
	九种凝胶地板:基础,木纹,粗磨,打磨,砖型,精致,花纹,水纹,种植
	凝胶制作器:可以将任何物品打磨成凝胶,偶尔会产生一些特别的副产物,也许?其锋利的叶片可以作为一种武器
	零子工坊:零子科技的核心工作台,你可以在上头制作大多数来自零子科技的事物
	零子贸易商:几种极端化的贸易商,你可以向他们出售任何有市场的物品,他们来者不拒
		
	</description>
	<modDependencies>
		<li>
			<packageId>Ludeon.RimWorld.Royalty</packageId>
			<displayName>Royalty</displayName>
			<downloadUrl>https://www.baidu.com</downloadUrl>
		</li>
	</modDependencies>
	<loadAfter>
		<li>Ludeon.RimWorld</li>
		<li>Ludeon.RimWorld.Royalty</li>
	</loadAfter>
</ModMetaData>
